,Код болезни,Обязательные назначения,Необязательные назначения
0,I10,"['Суточное мониторирование артериального давления', 'Рентгенография легких', 'Проведение электрокардиографических исследований', 'льтразвуковое исследование почек и надпочечников', 'Эхокардиография', 'Офтальмоскопия', 'Исследование на микроальбуминурию', 'Исследование функции нефронов (клиренс)', 'Коагулограмма (ориентировочное исследование системы гемостаза)', 'Общий (клинический) анализ крови развернутый', 'Анализ крови биохимический общетерапевтический', 'Анализ мочи общий']","['Дуплексное сканирование артерий почек', 'Дуплексное сканирование аорты', 'Дуплексное сканирование брахиоцефальных артерий с цветным допплеровским картированием кровотока', 'Холтеровское мониторирование сердечного ритма (ХМ-ЭКГ) ', 'Магнитно-резонансная томография головного мозга', 'Магнитно-резонансная томография брюшной полости', 'Компьютерная томография надпочечников', 'Пульсоксиметрия ', 'Исследование уровня мочевой кислоты в крови', 'Исследование уровня свободного тироксина (Т4) сыворотки крови', 'Исследование тиреотропина сыворотки крови', 'Исследование уровня катехоламинов в моче', 'Исследование уровня 17-гидроксикортикостероидов (17-ОКС) в моче', 'Проведение реакции Вассермана (RW)', 'Исследование обмена глюкозы', 'Определение антигена к вирусу гепатита В (HBeAg Hepatitis В virus) в крови', 'Определение антител классов М', 'G (IgM', 'IgG) к вирусному гепатиту С (Hepatitis С virus) в крови', 'Определение антител классов М', 'G (IgM', 'IgG) к вирусу иммунодефицита человека ВИЧ-1 (Human immunodeficiency virus HIV 1) в крови', 'Анализ крови по оценке нарушений липидного обмена биохимический']"
1, I11,"['Суточное мониторирование артериального давления', 'Рентгенография легких', 'Проведение электрокардиографических исследований', 'льтразвуковое исследование почек и надпочечников', 'Эхокардиография', 'Офтальмоскопия', 'Исследование на микроальбуминурию', 'Исследование функции нефронов (клиренс)', 'Коагулограмма (ориентировочное исследование системы гемостаза)', 'Общий (клинический) анализ крови развернутый', 'Анализ крови биохимический общетерапевтический', 'Анализ мочи общий']","['Дуплексное сканирование артерий почек', 'Дуплексное сканирование аорты', 'Дуплексное сканирование брахиоцефальных артерий с цветным допплеровским картированием кровотока', 'Холтеровское мониторирование сердечного ритма (ХМ-ЭКГ) ', 'Магнитно-резонансная томография головного мозга', 'Магнитно-резонансная томография брюшной полости', 'Компьютерная томография надпочечников', 'Пульсоксиметрия ', 'Исследование уровня мочевой кислоты в крови', 'Исследование уровня свободного тироксина (Т4) сыворотки крови', 'Исследование тиреотропина сыворотки крови', 'Исследование уровня катехоламинов в моче', 'Исследование уровня 17-гидроксикортикостероидов (17-ОКС) в моче', 'Проведение реакции Вассермана (RW)', 'Исследование обмена глюкозы', 'Определение антигена к вирусу гепатита В (HBeAg Hepatitis В virus) в крови', 'Определение антител классов М', 'G (IgM', 'IgG) к вирусному гепатиту С (Hepatitis С virus) в крови', 'Определение антител классов М', 'G (IgM', 'IgG) к вирусу иммунодефицита человека ВИЧ-1 (Human immunodeficiency virus HIV 1) в крови', 'Анализ крови по оценке нарушений липидного обмена биохимический']"
2, I12,"['Суточное мониторирование артериального давления', 'Рентгенография легких', 'Проведение электрокардиографических исследований', 'льтразвуковое исследование почек и надпочечников', 'Эхокардиография', 'Офтальмоскопия', 'Исследование на микроальбуминурию', 'Исследование функции нефронов (клиренс)', 'Коагулограмма (ориентировочное исследование системы гемостаза)', 'Общий (клинический) анализ крови развернутый', 'Анализ крови биохимический общетерапевтический', 'Анализ мочи общий']","['Дуплексное сканирование артерий почек', 'Дуплексное сканирование аорты', 'Дуплексное сканирование брахиоцефальных артерий с цветным допплеровским картированием кровотока', 'Холтеровское мониторирование сердечного ритма (ХМ-ЭКГ) ', 'Магнитно-резонансная томография головного мозга', 'Магнитно-резонансная томография брюшной полости', 'Компьютерная томография надпочечников', 'Пульсоксиметрия ', 'Исследование уровня мочевой кислоты в крови', 'Исследование уровня свободного тироксина (Т4) сыворотки крови', 'Исследование тиреотропина сыворотки крови', 'Исследование уровня катехоламинов в моче', 'Исследование уровня 17-гидроксикортикостероидов (17-ОКС) в моче', 'Проведение реакции Вассермана (RW)', 'Исследование обмена глюкозы', 'Определение антигена к вирусу гепатита В (HBeAg Hepatitis В virus) в крови', 'Определение антител классов М', 'G (IgM', 'IgG) к вирусному гепатиту С (Hepatitis С virus) в крови', 'Определение антител классов М', 'G (IgM', 'IgG) к вирусу иммунодефицита человека ВИЧ-1 (Human immunodeficiency virus HIV 1) в крови', 'Анализ крови по оценке нарушений липидного обмена биохимический']"
3, I13,"['Суточное мониторирование артериального давления', 'Рентгенография легких', 'Проведение электрокардиографических исследований', 'льтразвуковое исследование почек и надпочечников', 'Эхокардиография', 'Офтальмоскопия', 'Исследование на микроальбуминурию', 'Исследование функции нефронов (клиренс)', 'Коагулограмма (ориентировочное исследование системы гемостаза)', 'Общий (клинический) анализ крови развернутый', 'Анализ крови биохимический общетерапевтический', 'Анализ мочи общий']","['Дуплексное сканирование артерий почек', 'Дуплексное сканирование аорты', 'Дуплексное сканирование брахиоцефальных артерий с цветным допплеровским картированием кровотока', 'Холтеровское мониторирование сердечного ритма (ХМ-ЭКГ) ', 'Магнитно-резонансная томография головного мозга', 'Магнитно-резонансная томография брюшной полости', 'Компьютерная томография надпочечников', 'Пульсоксиметрия ', 'Исследование уровня мочевой кислоты в крови', 'Исследование уровня свободного тироксина (Т4) сыворотки крови', 'Исследование тиреотропина сыворотки крови', 'Исследование уровня катехоламинов в моче', 'Исследование уровня 17-гидроксикортикостероидов (17-ОКС) в моче', 'Проведение реакции Вассермана (RW)', 'Исследование обмена глюкозы', 'Определение антигена к вирусу гепатита В (HBeAg Hepatitis В virus) в крови', 'Определение антител классов М', 'G (IgM', 'IgG) к вирусному гепатиту С (Hepatitis С virus) в крови', 'Определение антител классов М', 'G (IgM', 'IgG) к вирусу иммунодефицита человека ВИЧ-1 (Human immunodeficiency virus HIV 1) в крови', 'Анализ крови по оценке нарушений липидного обмена биохимический']"
4, I13.1,"['Суточное мониторирование артериального давления', 'Рентгенография легких', 'Проведение электрокардиографических исследований', 'льтразвуковое исследование почек и надпочечников', 'Эхокардиография', 'Офтальмоскопия', 'Исследование на микроальбуминурию', 'Исследование функции нефронов (клиренс)', 'Коагулограмма (ориентировочное исследование системы гемостаза)', 'Общий (клинический) анализ крови развернутый', 'Анализ крови биохимический общетерапевтический', 'Анализ мочи общий']","['Дуплексное сканирование артерий почек', 'Дуплексное сканирование аорты', 'Дуплексное сканирование брахиоцефальных артерий с цветным допплеровским картированием кровотока', 'Холтеровское мониторирование сердечного ритма (ХМ-ЭКГ) ', 'Магнитно-резонансная томография головного мозга', 'Магнитно-резонансная томография брюшной полости', 'Компьютерная томография надпочечников', 'Пульсоксиметрия ', 'Исследование уровня мочевой кислоты в крови', 'Исследование уровня свободного тироксина (Т4) сыворотки крови', 'Исследование тиреотропина сыворотки крови', 'Исследование уровня катехоламинов в моче', 'Исследование уровня 17-гидроксикортикостероидов (17-ОКС) в моче', 'Проведение реакции Вассермана (RW)', 'Исследование обмена глюкозы', 'Определение антигена к вирусу гепатита В (HBeAg Hepatitis В virus) в крови', 'Определение антител классов М', 'G (IgM', 'IgG) к вирусному гепатиту С (Hepatitis С virus) в крови', 'Определение антител классов М', 'G (IgM', 'IgG) к вирусу иммунодефицита человека ВИЧ-1 (Human immunodeficiency virus HIV 1) в крови', 'Анализ крови по оценке нарушений липидного обмена биохимический']"
5, I13.2,"['Суточное мониторирование артериального давления', 'Рентгенография легких', 'Проведение электрокардиографических исследований', 'льтразвуковое исследование почек и надпочечников', 'Эхокардиография', 'Офтальмоскопия', 'Исследование на микроальбуминурию', 'Исследование функции нефронов (клиренс)', 'Коагулограмма (ориентировочное исследование системы гемостаза)', 'Общий (клинический) анализ крови развернутый', 'Анализ крови биохимический общетерапевтический', 'Анализ мочи общий']","['Дуплексное сканирование артерий почек', 'Дуплексное сканирование аорты', 'Дуплексное сканирование брахиоцефальных артерий с цветным допплеровским картированием кровотока', 'Холтеровское мониторирование сердечного ритма (ХМ-ЭКГ) ', 'Магнитно-резонансная томография головного мозга', 'Магнитно-резонансная томография брюшной полости', 'Компьютерная томография надпочечников', 'Пульсоксиметрия ', 'Исследование уровня мочевой кислоты в крови', 'Исследование уровня свободного тироксина (Т4) сыворотки крови', 'Исследование тиреотропина сыворотки крови', 'Исследование уровня катехоламинов в моче', 'Исследование уровня 17-гидроксикортикостероидов (17-ОКС) в моче', 'Проведение реакции Вассермана (RW)', 'Исследование обмена глюкозы', 'Определение антигена к вирусу гепатита В (HBeAg Hepatitis В virus) в крови', 'Определение антител классов М', 'G (IgM', 'IgG) к вирусному гепатиту С (Hepatitis С virus) в крови', 'Определение антител классов М', 'G (IgM', 'IgG) к вирусу иммунодефицита человека ВИЧ-1 (Human immunodeficiency virus HIV 1) в крови', 'Анализ крови по оценке нарушений липидного обмена биохимический']"
6, I15,"['Суточное мониторирование артериального давления', 'Рентгенография легких', 'Проведение электрокардиографических исследований', 'льтразвуковое исследование почек и надпочечников', 'Эхокардиография', 'Офтальмоскопия', 'Исследование на микроальбуминурию', 'Исследование функции нефронов (клиренс)', 'Коагулограмма (ориентировочное исследование системы гемостаза)', 'Общий (клинический) анализ крови развернутый', 'Анализ крови биохимический общетерапевтический', 'Анализ мочи общий']","['Дуплексное сканирование артерий почек', 'Дуплексное сканирование аорты', 'Дуплексное сканирование брахиоцефальных артерий с цветным допплеровским картированием кровотока', 'Холтеровское мониторирование сердечного ритма (ХМ-ЭКГ) ', 'Магнитно-резонансная томография головного мозга', 'Магнитно-резонансная томография брюшной полости', 'Компьютерная томография надпочечников', 'Пульсоксиметрия ', 'Исследование уровня мочевой кислоты в крови', 'Исследование уровня свободного тироксина (Т4) сыворотки крови', 'Исследование тиреотропина сыворотки крови', 'Исследование уровня катехоламинов в моче', 'Исследование уровня 17-гидроксикортикостероидов (17-ОКС) в моче', 'Проведение реакции Вассермана (RW)', 'Исследование обмена глюкозы', 'Определение антигена к вирусу гепатита В (HBeAg Hepatitis В virus) в крови', 'Определение антител классов М', 'G (IgM', 'IgG) к вирусному гепатиту С (Hepatitis С virus) в крови', 'Определение антител классов М', 'G (IgM', 'IgG) к вирусу иммунодефицита человека ВИЧ-1 (Human immunodeficiency virus HIV 1) в крови', 'Анализ крови по оценке нарушений липидного обмена биохимический']"
7, I15.0,"['Суточное мониторирование артериального давления', 'Рентгенография легких', 'Проведение электрокардиографических исследований', 'льтразвуковое исследование почек и надпочечников', 'Эхокардиография', 'Офтальмоскопия', 'Исследование на микроальбуминурию', 'Исследование функции нефронов (клиренс)', 'Коагулограмма (ориентировочное исследование системы гемостаза)', 'Общий (клинический) анализ крови развернутый', 'Анализ крови биохимический общетерапевтический', 'Анализ мочи общий']","['Дуплексное сканирование артерий почек', 'Дуплексное сканирование аорты', 'Дуплексное сканирование брахиоцефальных артерий с цветным допплеровским картированием кровотока', 'Холтеровское мониторирование сердечного ритма (ХМ-ЭКГ) ', 'Магнитно-резонансная томография головного мозга', 'Магнитно-резонансная томография брюшной полости', 'Компьютерная томография надпочечников', 'Пульсоксиметрия ', 'Исследование уровня мочевой кислоты в крови', 'Исследование уровня свободного тироксина (Т4) сыворотки крови', 'Исследование тиреотропина сыворотки крови', 'Исследование уровня катехоламинов в моче', 'Исследование уровня 17-гидроксикортикостероидов (17-ОКС) в моче', 'Проведение реакции Вассермана (RW)', 'Исследование обмена глюкозы', 'Определение антигена к вирусу гепатита В (HBeAg Hepatitis В virus) в крови', 'Определение антител классов М', 'G (IgM', 'IgG) к вирусному гепатиту С (Hepatitis С virus) в крови', 'Определение антител классов М', 'G (IgM', 'IgG) к вирусу иммунодефицита человека ВИЧ-1 (Human immunodeficiency virus HIV 1) в крови', 'Анализ крови по оценке нарушений липидного обмена биохимический']"
8, I15.1,"['Суточное мониторирование артериального давления', 'Рентгенография легких', 'Проведение электрокардиографических исследований', 'льтразвуковое исследование почек и надпочечников', 'Эхокардиография', 'Офтальмоскопия', 'Исследование на микроальбуминурию', 'Исследование функции нефронов (клиренс)', 'Коагулограмма (ориентировочное исследование системы гемостаза)', 'Общий (клинический) анализ крови развернутый', 'Анализ крови биохимический общетерапевтический', 'Анализ мочи общий']","['Дуплексное сканирование артерий почек', 'Дуплексное сканирование аорты', 'Дуплексное сканирование брахиоцефальных артерий с цветным допплеровским картированием кровотока', 'Холтеровское мониторирование сердечного ритма (ХМ-ЭКГ) ', 'Магнитно-резонансная томография головного мозга', 'Магнитно-резонансная томография брюшной полости', 'Компьютерная томография надпочечников', 'Пульсоксиметрия ', 'Исследование уровня мочевой кислоты в крови', 'Исследование уровня свободного тироксина (Т4) сыворотки крови', 'Исследование тиреотропина сыворотки крови', 'Исследование уровня катехоламинов в моче', 'Исследование уровня 17-гидроксикортикостероидов (17-ОКС) в моче', 'Проведение реакции Вассермана (RW)', 'Исследование обмена глюкозы', 'Определение антигена к вирусу гепатита В (HBeAg Hepatitis В virus) в крови', 'Определение антител классов М', 'G (IgM', 'IgG) к вирусному гепатиту С (Hepatitis С virus) в крови', 'Определение антител классов М', 'G (IgM', 'IgG) к вирусу иммунодефицита человека ВИЧ-1 (Human immunodeficiency virus HIV 1) в крови', 'Анализ крови по оценке нарушений липидного обмена биохимический']"
9, I15.2,"['Суточное мониторирование артериального давления', 'Рентгенография легких', 'Проведение электрокардиографических исследований', 'льтразвуковое исследование почек и надпочечников', 'Эхокардиография', 'Офтальмоскопия', 'Исследование на микроальбуминурию', 'Исследование функции нефронов (клиренс)', 'Коагулограмма (ориентировочное исследование системы гемостаза)', 'Общий (клинический) анализ крови развернутый', 'Анализ крови биохимический общетерапевтический', 'Анализ мочи общий']","['Дуплексное сканирование артерий почек', 'Дуплексное сканирование аорты', 'Дуплексное сканирование брахиоцефальных артерий с цветным допплеровским картированием кровотока', 'Холтеровское мониторирование сердечного ритма (ХМ-ЭКГ) ', 'Магнитно-резонансная томография головного мозга', 'Магнитно-резонансная томография брюшной полости', 'Компьютерная томография надпочечников', 'Пульсоксиметрия ', 'Исследование уровня мочевой кислоты в крови', 'Исследование уровня свободного тироксина (Т4) сыворотки крови', 'Исследование тиреотропина сыворотки крови', 'Исследование уровня катехоламинов в моче', 'Исследование уровня 17-гидроксикортикостероидов (17-ОКС) в моче', 'Проведение реакции Вассермана (RW)', 'Исследование обмена глюкозы', 'Определение антигена к вирусу гепатита В (HBeAg Hepatitis В virus) в крови', 'Определение антител классов М', 'G (IgM', 'IgG) к вирусному гепатиту С (Hepatitis С virus) в крови', 'Определение антител классов М', 'G (IgM', 'IgG) к вирусу иммунодефицита человека ВИЧ-1 (Human immunodeficiency virus HIV 1) в крови', 'Анализ крови по оценке нарушений липидного обмена биохимический']"
10, I15.9,"['Суточное мониторирование артериального давления', 'Рентгенография легких', 'Проведение электрокардиографических исследований', 'льтразвуковое исследование почек и надпочечников', 'Эхокардиография', 'Офтальмоскопия', 'Исследование на микроальбуминурию', 'Исследование функции нефронов (клиренс)', 'Коагулограмма (ориентировочное исследование системы гемостаза)', 'Общий (клинический) анализ крови развернутый', 'Анализ крови биохимический общетерапевтический', 'Анализ мочи общий']","['Дуплексное сканирование артерий почек', 'Дуплексное сканирование аорты', 'Дуплексное сканирование брахиоцефальных артерий с цветным допплеровским картированием кровотока', 'Холтеровское мониторирование сердечного ритма (ХМ-ЭКГ) ', 'Магнитно-резонансная томография головного мозга', 'Магнитно-резонансная томография брюшной полости', 'Компьютерная томография надпочечников', 'Пульсоксиметрия ', 'Исследование уровня мочевой кислоты в крови', 'Исследование уровня свободного тироксина (Т4) сыворотки крови', 'Исследование тиреотропина сыворотки крови', 'Исследование уровня катехоламинов в моче', 'Исследование уровня 17-гидроксикортикостероидов (17-ОКС) в моче', 'Проведение реакции Вассермана (RW)', 'Исследование обмена глюкозы', 'Определение антигена к вирусу гепатита В (HBeAg Hepatitis В virus) в крови', 'Определение антител классов М', 'G (IgM', 'IgG) к вирусному гепатиту С (Hepatitis С virus) в крови', 'Определение антител классов М', 'G (IgM', 'IgG) к вирусу иммунодефицита человека ВИЧ-1 (Human immunodeficiency virus HIV 1) в крови', 'Анализ крови по оценке нарушений липидного обмена биохимический']"
11,I47.1,"['Эхокардиография', 'Проведение электрокардиографических исследований', 'Регистрация электрокардиограммы', 'Холтеровское мониторирование сердечного ритма (ХМ-ЭКГ)', 'Рентгенография легких', 'Общий (клинический) анализ крови развернутый', 'Анализ крови биохимический общетерапевтический', 'Анализ мочи общий']","['Рентгенография сердца с контрастированием пищевода', 'Велоэргометрия', 'Электрокардиостимуляция чреспищеводная', 'Исследование уровня свободного тироксина (Т4) сыворотки крови', 'Исследование тиреотропина сыворотки крови', 'Коагулограмма (ориентировочное исследование системы гемостаза)']"
12, I45.6,"['Эхокардиография', 'Проведение электрокардиографических исследований', 'Регистрация электрокардиограммы', 'Холтеровское мониторирование сердечного ритма (ХМ-ЭКГ)', 'Рентгенография легких', 'Общий (клинический) анализ крови развернутый', 'Анализ крови биохимический общетерапевтический', 'Анализ мочи общий']","['Рентгенография сердца с контрастированием пищевода', 'Велоэргометрия', 'Электрокардиостимуляция чреспищеводная', 'Исследование уровня свободного тироксина (Т4) сыворотки крови', 'Исследование тиреотропина сыворотки крови', 'Коагулограмма (ориентировочное исследование системы гемостаза)']"
13,I47.2,"['Эхокардиография', 'Проведение электрокардиографических исследований', 'Холтеровское мониторирование сердечного ритма (ХМ-ЭКГ)', 'Общий (клинический) анализ крови развернутый', 'Анализ крови биохимический общетерапевтический']","['Эхокардиография чрезпищеводная', 'Рентгенография легких', 'Рентгенография сердца с контрастированием пищевода', 'Сцинтиграфия миокарда', 'Велоэргометрия', 'Исследование уровня свободного тироксина (Т4) сыворотки крови', 'Исследование тиреотропина сыворотки крови', 'Определение уровня тропонина в крови', 'Анализ крови по оценке нарушений липидного обмена биохимический']"
14, I27.0,"['Эхокардиография', 'Проведение электрокардиографических исследований', 'Холтеровское мониторирование сердечного ритма (ХМ-ЭКГ)', 'Общий (клинический) анализ крови развернутый', 'Анализ крови биохимический общетерапевтический']","['Эхокардиография чрезпищеводная', 'Рентгенография легких', 'Рентгенография сердца с контрастированием пищевода', 'Сцинтиграфия миокарда', 'Велоэргометрия', 'Исследование уровня свободного тироксина (Т4) сыворотки крови', 'Исследование тиреотропина сыворотки крови', 'Определение уровня тропонина в крови', 'Анализ крови по оценке нарушений липидного обмена биохимический']"
15, I27.8,"['Эхокардиография', 'Проведение электрокардиографических исследований', 'Холтеровское мониторирование сердечного ритма (ХМ-ЭКГ)', 'Общий (клинический) анализ крови развернутый', 'Анализ крови биохимический общетерапевтический']","['Эхокардиография чрезпищеводная', 'Рентгенография легких', 'Рентгенография сердца с контрастированием пищевода', 'Сцинтиграфия миокарда', 'Велоэргометрия', 'Исследование уровня свободного тироксина (Т4) сыворотки крови', 'Исследование тиреотропина сыворотки крови', 'Определение уровня тропонина в крови', 'Анализ крови по оценке нарушений липидного обмена биохимический']"
16, I27.9 ,"['Эхокардиография', 'Проведение электрокардиографических исследований', 'Холтеровское мониторирование сердечного ритма (ХМ-ЭКГ)', 'Общий (клинический) анализ крови развернутый', 'Анализ крови биохимический общетерапевтический']","['Эхокардиография чрезпищеводная', 'Рентгенография легких', 'Рентгенография сердца с контрастированием пищевода', 'Сцинтиграфия миокарда', 'Велоэргометрия', 'Исследование уровня свободного тироксина (Т4) сыворотки крови', 'Исследование тиреотропина сыворотки крови', 'Определение уровня тропонина в крови', 'Анализ крови по оценке нарушений липидного обмена биохимический']"
17,J01.0,"['Серологические исследования на вирусы респираторных инфекций', 'Бактериологическое исследование смывов из околоносовых полостей на аэробные и факультативно-анаэробные микроорганизмы', 'Бактериологическое исследование пунктатов из околоносовых полостей на неспорообразующие анаэробные микроорганизмы', 'Определение чувствительности микроорганизмов к антибиотикам и другим лекарственным препаратам', 'Общий (клинический) анализ крови развернутый', 'Анализ крови биохимический общетерапевтический', 'Анализ мочи общий']","['Ультразвуковое исследование околоносовых пазух', 'Рентгенография околоносовых пазух', 'Пункция околоносовых пазух', 'Получение материала из верхних дыхательных путей', 'Аппликационная анестезия']"
18, J01.1,"['Серологические исследования на вирусы респираторных инфекций', 'Бактериологическое исследование смывов из околоносовых полостей на аэробные и факультативно-анаэробные микроорганизмы', 'Бактериологическое исследование пунктатов из околоносовых полостей на неспорообразующие анаэробные микроорганизмы', 'Определение чувствительности микроорганизмов к антибиотикам и другим лекарственным препаратам', 'Общий (клинический) анализ крови развернутый', 'Анализ крови биохимический общетерапевтический', 'Анализ мочи общий']","['Ультразвуковое исследование околоносовых пазух', 'Рентгенография околоносовых пазух', 'Пункция околоносовых пазух', 'Получение материала из верхних дыхательных путей', 'Аппликационная анестезия']"
19, J01.2,"['Серологические исследования на вирусы респираторных инфекций', 'Бактериологическое исследование смывов из околоносовых полостей на аэробные и факультативно-анаэробные микроорганизмы', 'Бактериологическое исследование пунктатов из околоносовых полостей на неспорообразующие анаэробные микроорганизмы', 'Определение чувствительности микроорганизмов к антибиотикам и другим лекарственным препаратам', 'Общий (клинический) анализ крови развернутый', 'Анализ крови биохимический общетерапевтический', 'Анализ мочи общий']","['Ультразвуковое исследование околоносовых пазух', 'Рентгенография околоносовых пазух', 'Пункция околоносовых пазух', 'Получение материала из верхних дыхательных путей', 'Аппликационная анестезия']"
20, J01.3,"['Серологические исследования на вирусы респираторных инфекций', 'Бактериологическое исследование смывов из околоносовых полостей на аэробные и факультативно-анаэробные микроорганизмы', 'Бактериологическое исследование пунктатов из околоносовых полостей на неспорообразующие анаэробные микроорганизмы', 'Определение чувствительности микроорганизмов к антибиотикам и другим лекарственным препаратам', 'Общий (клинический) анализ крови развернутый', 'Анализ крови биохимический общетерапевтический', 'Анализ мочи общий']","['Ультразвуковое исследование околоносовых пазух', 'Рентгенография околоносовых пазух', 'Пункция околоносовых пазух', 'Получение материала из верхних дыхательных путей', 'Аппликационная анестезия']"
21, J01.4,"['Серологические исследования на вирусы респираторных инфекций', 'Бактериологическое исследование смывов из околоносовых полостей на аэробные и факультативно-анаэробные микроорганизмы', 'Бактериологическое исследование пунктатов из околоносовых полостей на неспорообразующие анаэробные микроорганизмы', 'Определение чувствительности микроорганизмов к антибиотикам и другим лекарственным препаратам', 'Общий (клинический) анализ крови развернутый', 'Анализ крови биохимический общетерапевтический', 'Анализ мочи общий']","['Ультразвуковое исследование околоносовых пазух', 'Рентгенография околоносовых пазух', 'Пункция околоносовых пазух', 'Получение материала из верхних дыхательных путей', 'Аппликационная анестезия']"
22, J01.8,"['Серологические исследования на вирусы респираторных инфекций', 'Бактериологическое исследование смывов из околоносовых полостей на аэробные и факультативно-анаэробные микроорганизмы', 'Бактериологическое исследование пунктатов из околоносовых полостей на неспорообразующие анаэробные микроорганизмы', 'Определение чувствительности микроорганизмов к антибиотикам и другим лекарственным препаратам', 'Общий (клинический) анализ крови развернутый', 'Анализ крови биохимический общетерапевтический', 'Анализ мочи общий']","['Ультразвуковое исследование околоносовых пазух', 'Рентгенография околоносовых пазух', 'Пункция околоносовых пазух', 'Получение материала из верхних дыхательных путей', 'Аппликационная анестезия']"
23, J01.9,"['Серологические исследования на вирусы респираторных инфекций', 'Бактериологическое исследование смывов из околоносовых полостей на аэробные и факультативно-анаэробные микроорганизмы', 'Бактериологическое исследование пунктатов из околоносовых полостей на неспорообразующие анаэробные микроорганизмы', 'Определение чувствительности микроорганизмов к антибиотикам и другим лекарственным препаратам', 'Общий (клинический) анализ крови развернутый', 'Анализ крови биохимический общетерапевтический', 'Анализ мочи общий']","['Ультразвуковое исследование околоносовых пазух', 'Рентгенография околоносовых пазух', 'Пункция околоносовых пазух', 'Получение материала из верхних дыхательных путей', 'Аппликационная анестезия']"
24,J03.0,"['Общий (клинический) анализ крови развернутый', 'Анализ мочи общий', 'Регистрация электрокардиограммы']","['Определение концентрации С-реактивного белка в сыворотке крови', 'Определение антистрептолизина-О в сыворотке крови', 'Бактериологическое исследование слизи и пленок с миндалин на палочку дифтерии (Corinebacterium diphtheriae)', 'Бактериологическое исследование слизи с миндалин и задней стенки глотки на аэробные и факультативно-анаэробные микроорганизмы', 'Определение чувствительности микроорганизмов к антибиотикам и другим лекарственным препаратам', '']"
25, J03.8,"['Общий (клинический) анализ крови развернутый', 'Анализ мочи общий', 'Регистрация электрокардиограммы']","['Определение концентрации С-реактивного белка в сыворотке крови', 'Определение антистрептолизина-О в сыворотке крови', 'Бактериологическое исследование слизи и пленок с миндалин на палочку дифтерии (Corinebacterium diphtheriae)', 'Бактериологическое исследование слизи с миндалин и задней стенки глотки на аэробные и факультативно-анаэробные микроорганизмы', 'Определение чувствительности микроорганизмов к антибиотикам и другим лекарственным препаратам', '']"
26,  J03.9,"['Общий (клинический) анализ крови развернутый', 'Анализ мочи общий', 'Регистрация электрокардиограммы']","['Определение концентрации С-реактивного белка в сыворотке крови', 'Определение антистрептолизина-О в сыворотке крови', 'Бактериологическое исследование слизи и пленок с миндалин на палочку дифтерии (Corinebacterium diphtheriae)', 'Бактериологическое исследование слизи с миндалин и задней стенки глотки на аэробные и факультативно-анаэробные микроорганизмы', 'Определение чувствительности микроорганизмов к антибиотикам и другим лекарственным препаратам', '']"
27,J15.9,"['Общий (клинический) анализ крови развернутый', 'Анализ мочи общий']","['Микроскопическое исследование мазков мокроты на микобактерии туберкулеза (Mycobacterium tuberculosis)', 'Анализ крови биохимический общетерапевтический', 'Регистрация электрокардиограммы', 'Флюорография легких', 'Флюорография легких цифровая', 'Рентгенография легких', 'Рентгенография легких цифровая']"
28, J18.8 ,"['Общий (клинический) анализ крови развернутый', 'Анализ мочи общий']","['Микроскопическое исследование мазков мокроты на микобактерии туберкулеза (Mycobacterium tuberculosis)', 'Анализ крови биохимический общетерапевтический', 'Регистрация электрокардиограммы', 'Флюорография легких', 'Флюорография легких цифровая', 'Рентгенография легких', 'Рентгенография легких цифровая']"
29,J18.9,"['Общий (клинический) анализ крови развернутый', 'Анализ мочи общий']","['Микроскопическое исследование мазков мокроты на микобактерии туберкулеза (Mycobacterium tuberculosis)', 'Анализ крови биохимический общетерапевтический', 'Регистрация электрокардиограммы', 'Флюорография легких', 'Флюорография легких цифровая', 'Рентгенография легких', 'Рентгенография легких цифровая']"
30, J18.0,"['Общий (клинический) анализ крови развернутый', 'Анализ мочи общий']","['Микроскопическое исследование мазков мокроты на микобактерии туберкулеза (Mycobacterium tuberculosis)', 'Анализ крови биохимический общетерапевтический', 'Регистрация электрокардиограммы', 'Флюорография легких', 'Флюорография легких цифровая', 'Рентгенография легких', 'Рентгенография легких цифровая']"
31, J16.0,"['Общий (клинический) анализ крови развернутый', 'Анализ мочи общий']","['Микроскопическое исследование мазков мокроты на микобактерии туберкулеза (Mycobacterium tuberculosis)', 'Анализ крови биохимический общетерапевтический', 'Регистрация электрокардиограммы', 'Флюорография легких', 'Флюорография легких цифровая', 'Рентгенография легких', 'Рентгенография легких цифровая']"
32,  J15.7,"['Общий (клинический) анализ крови развернутый', 'Анализ мочи общий']","['Микроскопическое исследование мазков мокроты на микобактерии туберкулеза (Mycobacterium tuberculosis)', 'Анализ крови биохимический общетерапевтический', 'Регистрация электрокардиограммы', 'Флюорография легких', 'Флюорография легких цифровая', 'Рентгенография легких', 'Рентгенография легких цифровая']"
33, J22 ,"['Общий (клинический) анализ крови развернутый', 'Анализ мочи общий']","['Микроскопическое исследование мазков мокроты на микобактерии туберкулеза (Mycobacterium tuberculosis)', 'Анализ крови биохимический общетерапевтический', 'Регистрация электрокардиограммы', 'Флюорография легких', 'Флюорография легких цифровая', 'Рентгенография легких', 'Рентгенография легких цифровая']"
34,J44.0,['-'],"['Исследование физических свойств мокроты', 'Микроскопическое исследование мазков мокроты на микобактерии туберкулеза (Mycobacterium tuberculosis)', 'Бактериологическое исследование мокроты на аэробные и факультативно-анаэробныемикроорганизмы', 'Определение чувствительности микроорганизмов к антибиотикам и другим лекарственным препаратам', 'Общий (клинический) анализ крови развернутый', 'Расшифровка', 'описание и интерпретация электрокардиографических данных', 'Регистрация электрокардиограммы', 'Флюорография легких', 'Флюорография легких цифровая', 'Рентгенография легких', 'Рентгенография легких цифровая', 'Описание и интерпретация рентгенографических изображений', 'Исследование неспровоцированных дыхательных объемов и потоков', 'Исследование дыхательных объемов с применением лекарственных препаратов', 'Пульсоксиметрия']"
35, J44.1,['-'],"['Исследование физических свойств мокроты', 'Микроскопическое исследование мазков мокроты на микобактерии туберкулеза (Mycobacterium tuberculosis)', 'Бактериологическое исследование мокроты на аэробные и факультативно-анаэробныемикроорганизмы', 'Определение чувствительности микроорганизмов к антибиотикам и другим лекарственным препаратам', 'Общий (клинический) анализ крови развернутый', 'Расшифровка', 'описание и интерпретация электрокардиографических данных', 'Регистрация электрокардиограммы', 'Флюорография легких', 'Флюорография легких цифровая', 'Рентгенография легких', 'Рентгенография легких цифровая', 'Описание и интерпретация рентгенографических изображений', 'Исследование неспровоцированных дыхательных объемов и потоков', 'Исследование дыхательных объемов с применением лекарственных препаратов', 'Пульсоксиметрия']"
36, J44.9,['-'],"['Исследование физических свойств мокроты', 'Микроскопическое исследование мазков мокроты на микобактерии туберкулеза (Mycobacterium tuberculosis)', 'Бактериологическое исследование мокроты на аэробные и факультативно-анаэробныемикроорганизмы', 'Определение чувствительности микроорганизмов к антибиотикам и другим лекарственным препаратам', 'Общий (клинический) анализ крови развернутый', 'Расшифровка', 'описание и интерпретация электрокардиографических данных', 'Регистрация электрокардиограммы', 'Флюорография легких', 'Флюорография легких цифровая', 'Рентгенография легких', 'Рентгенография легких цифровая', 'Описание и интерпретация рентгенографических изображений', 'Исследование неспровоцированных дыхательных объемов и потоков', 'Исследование дыхательных объемов с применением лекарственных препаратов', 'Пульсоксиметрия']"
37,J32.0,"['Общий (клинический) анализ крови развернутый', 'Анализ крови биохимический общетерапевтический', 'Анализ мочи общий', 'Рентгенография околоносовых пазух']","['Исследование уровня сывороточного иммуноглобулина Е в крови', 'Цитологическое исследование смывов с верхних дыхательных путей', 'Определение основных групп крови (А В 0)', 'Определение резус-принадлежности ', 'Исследование времени кровотечения', 'Проведение реакции Вассермана (RW)', 'Проведение серологической реакции на различные инфекции вирусы', 'Определение антигена к вирусу гепатита В (HBsAg Hepatitis В virus) в крови', 'Определение антител классов М', 'G (IgM', 'IgG) к вирусному гепатиту С (Hepatitis С virus) в крови', 'Определение антител классов М G (IgM IgG) к вирусу иммунодефицита человека ВИЧ-1 (Human immunodeficiency virus HIV 1) в крови', 'Определение антител классов М G (IgM IgG) к вирусу иммунодефицита человека ВИЧ-2 (Human immunodeficiency virus HIV 2) в крови', 'Бактериологическое исследование смывов из околоносовых полостей на аэробные и факультативно-анаэробные микроорганизмы', 'Микологическое исследование носоглоточных смывов на грибы рода кандида (Candida spp.)', 'Микологическое исследование носоглоточных смывов на грибы рода аспергиллы (Aspergillus spp.)', 'Определение чувствительности микроорганизмов к антибиотикам и другим лекарственным препаратам', 'Коагулограмма (ориентировочное исследование системы гемостаза)', 'Исследование дыхательной и обонятельной функции (ольфактометрия)', 'Эндоскопическая эндоназальная ревизия полости носа', 'носоглотки и околоносовых пазух', 'Видеориноскопия', 'Ультразвуковое исследование околоносовых пазух', 'Регистрация электрокардиограммы', 'Спиральная компьютерная томография головы', 'Компьютерная томография придаточных пазух носа гортани', 'Биопсия слизистой оболочки полости носа', 'Пункция околоносовых пазух', 'Получение материала из верхних дыхательных путей', 'Акустическая ринометрия']"
38, J32.1,"['Общий (клинический) анализ крови развернутый', 'Анализ крови биохимический общетерапевтический', 'Анализ мочи общий', 'Рентгенография околоносовых пазух']","['Исследование уровня сывороточного иммуноглобулина Е в крови', 'Цитологическое исследование смывов с верхних дыхательных путей', 'Определение основных групп крови (А В 0)', 'Определение резус-принадлежности ', 'Исследование времени кровотечения', 'Проведение реакции Вассермана (RW)', 'Проведение серологической реакции на различные инфекции вирусы', 'Определение антигена к вирусу гепатита В (HBsAg Hepatitis В virus) в крови', 'Определение антител классов М', 'G (IgM', 'IgG) к вирусному гепатиту С (Hepatitis С virus) в крови', 'Определение антител классов М G (IgM IgG) к вирусу иммунодефицита человека ВИЧ-1 (Human immunodeficiency virus HIV 1) в крови', 'Определение антител классов М G (IgM IgG) к вирусу иммунодефицита человека ВИЧ-2 (Human immunodeficiency virus HIV 2) в крови', 'Бактериологическое исследование смывов из околоносовых полостей на аэробные и факультативно-анаэробные микроорганизмы', 'Микологическое исследование носоглоточных смывов на грибы рода кандида (Candida spp.)', 'Микологическое исследование носоглоточных смывов на грибы рода аспергиллы (Aspergillus spp.)', 'Определение чувствительности микроорганизмов к антибиотикам и другим лекарственным препаратам', 'Коагулограмма (ориентировочное исследование системы гемостаза)', 'Исследование дыхательной и обонятельной функции (ольфактометрия)', 'Эндоскопическая эндоназальная ревизия полости носа', 'носоглотки и околоносовых пазух', 'Видеориноскопия', 'Ультразвуковое исследование околоносовых пазух', 'Регистрация электрокардиограммы', 'Спиральная компьютерная томография головы', 'Компьютерная томография придаточных пазух носа гортани', 'Биопсия слизистой оболочки полости носа', 'Пункция околоносовых пазух', 'Получение материала из верхних дыхательных путей', 'Акустическая ринометрия']"
39, J32.2,"['Общий (клинический) анализ крови развернутый', 'Анализ крови биохимический общетерапевтический', 'Анализ мочи общий', 'Рентгенография околоносовых пазух']","['Исследование уровня сывороточного иммуноглобулина Е в крови', 'Цитологическое исследование смывов с верхних дыхательных путей', 'Определение основных групп крови (А В 0)', 'Определение резус-принадлежности ', 'Исследование времени кровотечения', 'Проведение реакции Вассермана (RW)', 'Проведение серологической реакции на различные инфекции вирусы', 'Определение антигена к вирусу гепатита В (HBsAg Hepatitis В virus) в крови', 'Определение антител классов М', 'G (IgM', 'IgG) к вирусному гепатиту С (Hepatitis С virus) в крови', 'Определение антител классов М G (IgM IgG) к вирусу иммунодефицита человека ВИЧ-1 (Human immunodeficiency virus HIV 1) в крови', 'Определение антител классов М G (IgM IgG) к вирусу иммунодефицита человека ВИЧ-2 (Human immunodeficiency virus HIV 2) в крови', 'Бактериологическое исследование смывов из околоносовых полостей на аэробные и факультативно-анаэробные микроорганизмы', 'Микологическое исследование носоглоточных смывов на грибы рода кандида (Candida spp.)', 'Микологическое исследование носоглоточных смывов на грибы рода аспергиллы (Aspergillus spp.)', 'Определение чувствительности микроорганизмов к антибиотикам и другим лекарственным препаратам', 'Коагулограмма (ориентировочное исследование системы гемостаза)', 'Исследование дыхательной и обонятельной функции (ольфактометрия)', 'Эндоскопическая эндоназальная ревизия полости носа', 'носоглотки и околоносовых пазух', 'Видеориноскопия', 'Ультразвуковое исследование околоносовых пазух', 'Регистрация электрокардиограммы', 'Спиральная компьютерная томография головы', 'Компьютерная томография придаточных пазух носа гортани', 'Биопсия слизистой оболочки полости носа', 'Пункция околоносовых пазух', 'Получение материала из верхних дыхательных путей', 'Акустическая ринометрия']"
40, J32.3,"['Общий (клинический) анализ крови развернутый', 'Анализ крови биохимический общетерапевтический', 'Анализ мочи общий', 'Рентгенография околоносовых пазух']","['Исследование уровня сывороточного иммуноглобулина Е в крови', 'Цитологическое исследование смывов с верхних дыхательных путей', 'Определение основных групп крови (А В 0)', 'Определение резус-принадлежности ', 'Исследование времени кровотечения', 'Проведение реакции Вассермана (RW)', 'Проведение серологической реакции на различные инфекции вирусы', 'Определение антигена к вирусу гепатита В (HBsAg Hepatitis В virus) в крови', 'Определение антител классов М', 'G (IgM', 'IgG) к вирусному гепатиту С (Hepatitis С virus) в крови', 'Определение антител классов М G (IgM IgG) к вирусу иммунодефицита человека ВИЧ-1 (Human immunodeficiency virus HIV 1) в крови', 'Определение антител классов М G (IgM IgG) к вирусу иммунодефицита человека ВИЧ-2 (Human immunodeficiency virus HIV 2) в крови', 'Бактериологическое исследование смывов из околоносовых полостей на аэробные и факультативно-анаэробные микроорганизмы', 'Микологическое исследование носоглоточных смывов на грибы рода кандида (Candida spp.)', 'Микологическое исследование носоглоточных смывов на грибы рода аспергиллы (Aspergillus spp.)', 'Определение чувствительности микроорганизмов к антибиотикам и другим лекарственным препаратам', 'Коагулограмма (ориентировочное исследование системы гемостаза)', 'Исследование дыхательной и обонятельной функции (ольфактометрия)', 'Эндоскопическая эндоназальная ревизия полости носа', 'носоглотки и околоносовых пазух', 'Видеориноскопия', 'Ультразвуковое исследование околоносовых пазух', 'Регистрация электрокардиограммы', 'Спиральная компьютерная томография головы', 'Компьютерная томография придаточных пазух носа гортани', 'Биопсия слизистой оболочки полости носа', 'Пункция околоносовых пазух', 'Получение материала из верхних дыхательных путей', 'Акустическая ринометрия']"
41, J32.4,"['Общий (клинический) анализ крови развернутый', 'Анализ крови биохимический общетерапевтический', 'Анализ мочи общий', 'Рентгенография околоносовых пазух']","['Исследование уровня сывороточного иммуноглобулина Е в крови', 'Цитологическое исследование смывов с верхних дыхательных путей', 'Определение основных групп крови (А В 0)', 'Определение резус-принадлежности ', 'Исследование времени кровотечения', 'Проведение реакции Вассермана (RW)', 'Проведение серологической реакции на различные инфекции вирусы', 'Определение антигена к вирусу гепатита В (HBsAg Hepatitis В virus) в крови', 'Определение антител классов М', 'G (IgM', 'IgG) к вирусному гепатиту С (Hepatitis С virus) в крови', 'Определение антител классов М G (IgM IgG) к вирусу иммунодефицита человека ВИЧ-1 (Human immunodeficiency virus HIV 1) в крови', 'Определение антител классов М G (IgM IgG) к вирусу иммунодефицита человека ВИЧ-2 (Human immunodeficiency virus HIV 2) в крови', 'Бактериологическое исследование смывов из околоносовых полостей на аэробные и факультативно-анаэробные микроорганизмы', 'Микологическое исследование носоглоточных смывов на грибы рода кандида (Candida spp.)', 'Микологическое исследование носоглоточных смывов на грибы рода аспергиллы (Aspergillus spp.)', 'Определение чувствительности микроорганизмов к антибиотикам и другим лекарственным препаратам', 'Коагулограмма (ориентировочное исследование системы гемостаза)', 'Исследование дыхательной и обонятельной функции (ольфактометрия)', 'Эндоскопическая эндоназальная ревизия полости носа', 'носоглотки и околоносовых пазух', 'Видеориноскопия', 'Ультразвуковое исследование околоносовых пазух', 'Регистрация электрокардиограммы', 'Спиральная компьютерная томография головы', 'Компьютерная томография придаточных пазух носа гортани', 'Биопсия слизистой оболочки полости носа', 'Пункция околоносовых пазух', 'Получение материала из верхних дыхательных путей', 'Акустическая ринометрия']"
42, J32.8,"['Общий (клинический) анализ крови развернутый', 'Анализ крови биохимический общетерапевтический', 'Анализ мочи общий', 'Рентгенография околоносовых пазух']","['Исследование уровня сывороточного иммуноглобулина Е в крови', 'Цитологическое исследование смывов с верхних дыхательных путей', 'Определение основных групп крови (А В 0)', 'Определение резус-принадлежности ', 'Исследование времени кровотечения', 'Проведение реакции Вассермана (RW)', 'Проведение серологической реакции на различные инфекции вирусы', 'Определение антигена к вирусу гепатита В (HBsAg Hepatitis В virus) в крови', 'Определение антител классов М', 'G (IgM', 'IgG) к вирусному гепатиту С (Hepatitis С virus) в крови', 'Определение антител классов М G (IgM IgG) к вирусу иммунодефицита человека ВИЧ-1 (Human immunodeficiency virus HIV 1) в крови', 'Определение антител классов М G (IgM IgG) к вирусу иммунодефицита человека ВИЧ-2 (Human immunodeficiency virus HIV 2) в крови', 'Бактериологическое исследование смывов из околоносовых полостей на аэробные и факультативно-анаэробные микроорганизмы', 'Микологическое исследование носоглоточных смывов на грибы рода кандида (Candida spp.)', 'Микологическое исследование носоглоточных смывов на грибы рода аспергиллы (Aspergillus spp.)', 'Определение чувствительности микроорганизмов к антибиотикам и другим лекарственным препаратам', 'Коагулограмма (ориентировочное исследование системы гемостаза)', 'Исследование дыхательной и обонятельной функции (ольфактометрия)', 'Эндоскопическая эндоназальная ревизия полости носа', 'носоглотки и околоносовых пазух', 'Видеориноскопия', 'Ультразвуковое исследование околоносовых пазух', 'Регистрация электрокардиограммы', 'Спиральная компьютерная томография головы', 'Компьютерная томография придаточных пазух носа гортани', 'Биопсия слизистой оболочки полости носа', 'Пункция околоносовых пазух', 'Получение материала из верхних дыхательных путей', 'Акустическая ринометрия']"
43, J32.9,"['Общий (клинический) анализ крови развернутый', 'Анализ крови биохимический общетерапевтический', 'Анализ мочи общий', 'Рентгенография околоносовых пазух']","['Исследование уровня сывороточного иммуноглобулина Е в крови', 'Цитологическое исследование смывов с верхних дыхательных путей', 'Определение основных групп крови (А В 0)', 'Определение резус-принадлежности ', 'Исследование времени кровотечения', 'Проведение реакции Вассермана (RW)', 'Проведение серологической реакции на различные инфекции вирусы', 'Определение антигена к вирусу гепатита В (HBsAg Hepatitis В virus) в крови', 'Определение антител классов М', 'G (IgM', 'IgG) к вирусному гепатиту С (Hepatitis С virus) в крови', 'Определение антител классов М G (IgM IgG) к вирусу иммунодефицита человека ВИЧ-1 (Human immunodeficiency virus HIV 1) в крови', 'Определение антител классов М G (IgM IgG) к вирусу иммунодефицита человека ВИЧ-2 (Human immunodeficiency virus HIV 2) в крови', 'Бактериологическое исследование смывов из околоносовых полостей на аэробные и факультативно-анаэробные микроорганизмы', 'Микологическое исследование носоглоточных смывов на грибы рода кандида (Candida spp.)', 'Микологическое исследование носоглоточных смывов на грибы рода аспергиллы (Aspergillus spp.)', 'Определение чувствительности микроорганизмов к антибиотикам и другим лекарственным препаратам', 'Коагулограмма (ориентировочное исследование системы гемостаза)', 'Исследование дыхательной и обонятельной функции (ольфактометрия)', 'Эндоскопическая эндоназальная ревизия полости носа', 'носоглотки и околоносовых пазух', 'Видеориноскопия', 'Ультразвуковое исследование околоносовых пазух', 'Регистрация электрокардиограммы', 'Спиральная компьютерная томография головы', 'Компьютерная томография придаточных пазух носа гортани', 'Биопсия слизистой оболочки полости носа', 'Пункция околоносовых пазух', 'Получение материала из верхних дыхательных путей', 'Акустическая ринометрия']"
44, J33.0,"['Общий (клинический) анализ крови развернутый', 'Анализ крови биохимический общетерапевтический', 'Анализ мочи общий', 'Рентгенография околоносовых пазух']","['Исследование уровня сывороточного иммуноглобулина Е в крови', 'Цитологическое исследование смывов с верхних дыхательных путей', 'Определение основных групп крови (А В 0)', 'Определение резус-принадлежности ', 'Исследование времени кровотечения', 'Проведение реакции Вассермана (RW)', 'Проведение серологической реакции на различные инфекции вирусы', 'Определение антигена к вирусу гепатита В (HBsAg Hepatitis В virus) в крови', 'Определение антител классов М', 'G (IgM', 'IgG) к вирусному гепатиту С (Hepatitis С virus) в крови', 'Определение антител классов М G (IgM IgG) к вирусу иммунодефицита человека ВИЧ-1 (Human immunodeficiency virus HIV 1) в крови', 'Определение антител классов М G (IgM IgG) к вирусу иммунодефицита человека ВИЧ-2 (Human immunodeficiency virus HIV 2) в крови', 'Бактериологическое исследование смывов из околоносовых полостей на аэробные и факультативно-анаэробные микроорганизмы', 'Микологическое исследование носоглоточных смывов на грибы рода кандида (Candida spp.)', 'Микологическое исследование носоглоточных смывов на грибы рода аспергиллы (Aspergillus spp.)', 'Определение чувствительности микроорганизмов к антибиотикам и другим лекарственным препаратам', 'Коагулограмма (ориентировочное исследование системы гемостаза)', 'Исследование дыхательной и обонятельной функции (ольфактометрия)', 'Эндоскопическая эндоназальная ревизия полости носа', 'носоглотки и околоносовых пазух', 'Видеориноскопия', 'Ультразвуковое исследование околоносовых пазух', 'Регистрация электрокардиограммы', 'Спиральная компьютерная томография головы', 'Компьютерная томография придаточных пазух носа гортани', 'Биопсия слизистой оболочки полости носа', 'Пункция околоносовых пазух', 'Получение материала из верхних дыхательных путей', 'Акустическая ринометрия']"
45, J33.1,"['Общий (клинический) анализ крови развернутый', 'Анализ крови биохимический общетерапевтический', 'Анализ мочи общий', 'Рентгенография околоносовых пазух']","['Исследование уровня сывороточного иммуноглобулина Е в крови', 'Цитологическое исследование смывов с верхних дыхательных путей', 'Определение основных групп крови (А В 0)', 'Определение резус-принадлежности ', 'Исследование времени кровотечения', 'Проведение реакции Вассермана (RW)', 'Проведение серологической реакции на различные инфекции вирусы', 'Определение антигена к вирусу гепатита В (HBsAg Hepatitis В virus) в крови', 'Определение антител классов М', 'G (IgM', 'IgG) к вирусному гепатиту С (Hepatitis С virus) в крови', 'Определение антител классов М G (IgM IgG) к вирусу иммунодефицита человека ВИЧ-1 (Human immunodeficiency virus HIV 1) в крови', 'Определение антител классов М G (IgM IgG) к вирусу иммунодефицита человека ВИЧ-2 (Human immunodeficiency virus HIV 2) в крови', 'Бактериологическое исследование смывов из околоносовых полостей на аэробные и факультативно-анаэробные микроорганизмы', 'Микологическое исследование носоглоточных смывов на грибы рода кандида (Candida spp.)', 'Микологическое исследование носоглоточных смывов на грибы рода аспергиллы (Aspergillus spp.)', 'Определение чувствительности микроорганизмов к антибиотикам и другим лекарственным препаратам', 'Коагулограмма (ориентировочное исследование системы гемостаза)', 'Исследование дыхательной и обонятельной функции (ольфактометрия)', 'Эндоскопическая эндоназальная ревизия полости носа', 'носоглотки и околоносовых пазух', 'Видеориноскопия', 'Ультразвуковое исследование околоносовых пазух', 'Регистрация электрокардиограммы', 'Спиральная компьютерная томография головы', 'Компьютерная томография придаточных пазух носа гортани', 'Биопсия слизистой оболочки полости носа', 'Пункция околоносовых пазух', 'Получение материала из верхних дыхательных путей', 'Акустическая ринометрия']"
46, J34.1,"['Общий (клинический) анализ крови развернутый', 'Анализ крови биохимический общетерапевтический', 'Анализ мочи общий', 'Рентгенография околоносовых пазух']","['Исследование уровня сывороточного иммуноглобулина Е в крови', 'Цитологическое исследование смывов с верхних дыхательных путей', 'Определение основных групп крови (А В 0)', 'Определение резус-принадлежности ', 'Исследование времени кровотечения', 'Проведение реакции Вассермана (RW)', 'Проведение серологической реакции на различные инфекции вирусы', 'Определение антигена к вирусу гепатита В (HBsAg Hepatitis В virus) в крови', 'Определение антител классов М', 'G (IgM', 'IgG) к вирусному гепатиту С (Hepatitis С virus) в крови', 'Определение антител классов М G (IgM IgG) к вирусу иммунодефицита человека ВИЧ-1 (Human immunodeficiency virus HIV 1) в крови', 'Определение антител классов М G (IgM IgG) к вирусу иммунодефицита человека ВИЧ-2 (Human immunodeficiency virus HIV 2) в крови', 'Бактериологическое исследование смывов из околоносовых полостей на аэробные и факультативно-анаэробные микроорганизмы', 'Микологическое исследование носоглоточных смывов на грибы рода кандида (Candida spp.)', 'Микологическое исследование носоглоточных смывов на грибы рода аспергиллы (Aspergillus spp.)', 'Определение чувствительности микроорганизмов к антибиотикам и другим лекарственным препаратам', 'Коагулограмма (ориентировочное исследование системы гемостаза)', 'Исследование дыхательной и обонятельной функции (ольфактометрия)', 'Эндоскопическая эндоназальная ревизия полости носа', 'носоглотки и околоносовых пазух', 'Видеориноскопия', 'Ультразвуковое исследование околоносовых пазух', 'Регистрация электрокардиограммы', 'Спиральная компьютерная томография головы', 'Компьютерная томография придаточных пазух носа гортани', 'Биопсия слизистой оболочки полости носа', 'Пункция околоносовых пазух', 'Получение материала из верхних дыхательных путей', 'Акустическая ринометрия']"
47, J33.8,"['Общий (клинический) анализ крови развернутый', 'Анализ крови биохимический общетерапевтический', 'Анализ мочи общий', 'Рентгенография околоносовых пазух']","['Исследование уровня сывороточного иммуноглобулина Е в крови', 'Цитологическое исследование смывов с верхних дыхательных путей', 'Определение основных групп крови (А В 0)', 'Определение резус-принадлежности ', 'Исследование времени кровотечения', 'Проведение реакции Вассермана (RW)', 'Проведение серологической реакции на различные инфекции вирусы', 'Определение антигена к вирусу гепатита В (HBsAg Hepatitis В virus) в крови', 'Определение антител классов М', 'G (IgM', 'IgG) к вирусному гепатиту С (Hepatitis С virus) в крови', 'Определение антител классов М G (IgM IgG) к вирусу иммунодефицита человека ВИЧ-1 (Human immunodeficiency virus HIV 1) в крови', 'Определение антител классов М G (IgM IgG) к вирусу иммунодефицита человека ВИЧ-2 (Human immunodeficiency virus HIV 2) в крови', 'Бактериологическое исследование смывов из околоносовых полостей на аэробные и факультативно-анаэробные микроорганизмы', 'Микологическое исследование носоглоточных смывов на грибы рода кандида (Candida spp.)', 'Микологическое исследование носоглоточных смывов на грибы рода аспергиллы (Aspergillus spp.)', 'Определение чувствительности микроорганизмов к антибиотикам и другим лекарственным препаратам', 'Коагулограмма (ориентировочное исследование системы гемостаза)', 'Исследование дыхательной и обонятельной функции (ольфактометрия)', 'Эндоскопическая эндоназальная ревизия полости носа', 'носоглотки и околоносовых пазух', 'Видеориноскопия', 'Ультразвуковое исследование околоносовых пазух', 'Регистрация электрокардиограммы', 'Спиральная компьютерная томография головы', 'Компьютерная томография придаточных пазух носа гортани', 'Биопсия слизистой оболочки полости носа', 'Пункция околоносовых пазух', 'Получение материала из верхних дыхательных путей', 'Акустическая ринометрия']"
48, J33.9,"['Общий (клинический) анализ крови развернутый', 'Анализ крови биохимический общетерапевтический', 'Анализ мочи общий', 'Рентгенография околоносовых пазух']","['Исследование уровня сывороточного иммуноглобулина Е в крови', 'Цитологическое исследование смывов с верхних дыхательных путей', 'Определение основных групп крови (А В 0)', 'Определение резус-принадлежности ', 'Исследование времени кровотечения', 'Проведение реакции Вассермана (RW)', 'Проведение серологической реакции на различные инфекции вирусы', 'Определение антигена к вирусу гепатита В (HBsAg Hepatitis В virus) в крови', 'Определение антител классов М', 'G (IgM', 'IgG) к вирусному гепатиту С (Hepatitis С virus) в крови', 'Определение антител классов М G (IgM IgG) к вирусу иммунодефицита человека ВИЧ-1 (Human immunodeficiency virus HIV 1) в крови', 'Определение антител классов М G (IgM IgG) к вирусу иммунодефицита человека ВИЧ-2 (Human immunodeficiency virus HIV 2) в крови', 'Бактериологическое исследование смывов из околоносовых полостей на аэробные и факультативно-анаэробные микроорганизмы', 'Микологическое исследование носоглоточных смывов на грибы рода кандида (Candida spp.)', 'Микологическое исследование носоглоточных смывов на грибы рода аспергиллы (Aspergillus spp.)', 'Определение чувствительности микроорганизмов к антибиотикам и другим лекарственным препаратам', 'Коагулограмма (ориентировочное исследование системы гемостаза)', 'Исследование дыхательной и обонятельной функции (ольфактометрия)', 'Эндоскопическая эндоназальная ревизия полости носа', 'носоглотки и околоносовых пазух', 'Видеориноскопия', 'Ультразвуковое исследование околоносовых пазух', 'Регистрация электрокардиограммы', 'Спиральная компьютерная томография головы', 'Компьютерная томография придаточных пазух носа гортани', 'Биопсия слизистой оболочки полости носа', 'Пункция околоносовых пазух', 'Получение материала из верхних дыхательных путей', 'Акустическая ринометрия']"
49,J40,['Исследование неспровоцированных дыхательных объемов и потоков'],"['Исследование карбоксигемоглобина в крови', 'Цитологическое исследование мокроты', 'Бактериологическое исследование мокроты на аэробные и факультативно-анаэробные микроорганизмы', 'Общий (клинический) анализ крови развернутый', 'Анализ крови биохимический общетерапевтический', 'Исследование неспровоцированных дыхательных объемов и потоков с помощью пикфлоуметра', 'Исследование дыхательных объемов при медикаментозной провокации', 'Исследование дыхательных объемов с применением лекарственных препаратов', 'Бодиплетизмография']"
50, J41.0,['Исследование неспровоцированных дыхательных объемов и потоков'],"['Исследование карбоксигемоглобина в крови', 'Цитологическое исследование мокроты', 'Бактериологическое исследование мокроты на аэробные и факультативно-анаэробные микроорганизмы', 'Общий (клинический) анализ крови развернутый', 'Анализ крови биохимический общетерапевтический', 'Исследование неспровоцированных дыхательных объемов и потоков с помощью пикфлоуметра', 'Исследование дыхательных объемов при медикаментозной провокации', 'Исследование дыхательных объемов с применением лекарственных препаратов', 'Бодиплетизмография']"
51, J41.1,['Исследование неспровоцированных дыхательных объемов и потоков'],"['Исследование карбоксигемоглобина в крови', 'Цитологическое исследование мокроты', 'Бактериологическое исследование мокроты на аэробные и факультативно-анаэробные микроорганизмы', 'Общий (клинический) анализ крови развернутый', 'Анализ крови биохимический общетерапевтический', 'Исследование неспровоцированных дыхательных объемов и потоков с помощью пикфлоуметра', 'Исследование дыхательных объемов при медикаментозной провокации', 'Исследование дыхательных объемов с применением лекарственных препаратов', 'Бодиплетизмография']"
52, J41.8,['Исследование неспровоцированных дыхательных объемов и потоков'],"['Исследование карбоксигемоглобина в крови', 'Цитологическое исследование мокроты', 'Бактериологическое исследование мокроты на аэробные и факультативно-анаэробные микроорганизмы', 'Общий (клинический) анализ крови развернутый', 'Анализ крови биохимический общетерапевтический', 'Исследование неспровоцированных дыхательных объемов и потоков с помощью пикфлоуметра', 'Исследование дыхательных объемов при медикаментозной провокации', 'Исследование дыхательных объемов с применением лекарственных препаратов', 'Бодиплетизмография']"
53, J42,['Исследование неспровоцированных дыхательных объемов и потоков'],"['Исследование карбоксигемоглобина в крови', 'Цитологическое исследование мокроты', 'Бактериологическое исследование мокроты на аэробные и факультативно-анаэробные микроорганизмы', 'Общий (клинический) анализ крови развернутый', 'Анализ крови биохимический общетерапевтический', 'Исследование неспровоцированных дыхательных объемов и потоков с помощью пикфлоуметра', 'Исследование дыхательных объемов при медикаментозной провокации', 'Исследование дыхательных объемов с применением лекарственных препаратов', 'Бодиплетизмография']"
54,G25.0,"['Общий (клинический) анализ крови развернутый', 'Анализ крови биохимический общетерапевтический', 'Анализ мочи общий', 'Расшифровка', 'описание и интерпретация электрокардиографических данных', 'Регистрация электрокардиограммы', 'Электроэнцефалография с нагрузочными пробами ']",['Исследование уровня лекарственных препаратов в крови']
55,G40.0,"['Исследование уровня лекарственных препаратов в крови', 'Проведение реакции Вассермана (RW)', 'Определение антигена к вирусу гепатита В (HBsAg Hepatitis B virus) в крови', 'Определение антител классов М', 'G (IgM', 'IgG) к вирусному гепатиту С (Hepatitis C virus) в крови', 'Определение антител классов М', 'G (IgM', 'IgG) к вирусу иммунодефицита человека ВИЧ-1 (Human immunodeficiency virus HIV 1) в крови', 'Определение антител классов М', 'G (IgM', 'IgG) к вирусу иммунодефицита человека ВИЧ-2 (Human immunodeficiency virus HIV 2) в крови', 'Общий (клинический) анализ крови развернутый', 'Анализ крови биохимический общетерапевтический', 'Анализ мочи общий', 'Расшифровка', 'описание и интерпретация электрокардиографических данных', 'Регистрация электрокардиограммы', 'Электроэнцефалография с нагрузочными пробами']",['-']
56, G40.1,"['Исследование уровня лекарственных препаратов в крови', 'Проведение реакции Вассермана (RW)', 'Определение антигена к вирусу гепатита В (HBsAg Hepatitis B virus) в крови', 'Определение антител классов М', 'G (IgM', 'IgG) к вирусному гепатиту С (Hepatitis C virus) в крови', 'Определение антител классов М', 'G (IgM', 'IgG) к вирусу иммунодефицита человека ВИЧ-1 (Human immunodeficiency virus HIV 1) в крови', 'Определение антител классов М', 'G (IgM', 'IgG) к вирусу иммунодефицита человека ВИЧ-2 (Human immunodeficiency virus HIV 2) в крови', 'Общий (клинический) анализ крови развернутый', 'Анализ крови биохимический общетерапевтический', 'Анализ мочи общий', 'Расшифровка', 'описание и интерпретация электрокардиографических данных', 'Регистрация электрокардиограммы', 'Электроэнцефалография с нагрузочными пробами']",['-']
57, G40.2,"['Исследование уровня лекарственных препаратов в крови', 'Проведение реакции Вассермана (RW)', 'Определение антигена к вирусу гепатита В (HBsAg Hepatitis B virus) в крови', 'Определение антител классов М', 'G (IgM', 'IgG) к вирусному гепатиту С (Hepatitis C virus) в крови', 'Определение антител классов М', 'G (IgM', 'IgG) к вирусу иммунодефицита человека ВИЧ-1 (Human immunodeficiency virus HIV 1) в крови', 'Определение антител классов М', 'G (IgM', 'IgG) к вирусу иммунодефицита человека ВИЧ-2 (Human immunodeficiency virus HIV 2) в крови', 'Общий (клинический) анализ крови развернутый', 'Анализ крови биохимический общетерапевтический', 'Анализ мочи общий', 'Расшифровка', 'описание и интерпретация электрокардиографических данных', 'Регистрация электрокардиограммы', 'Электроэнцефалография с нагрузочными пробами']",['-']
58, G40.9,"['Исследование уровня лекарственных препаратов в крови', 'Проведение реакции Вассермана (RW)', 'Определение антигена к вирусу гепатита В (HBsAg Hepatitis B virus) в крови', 'Определение антител классов М', 'G (IgM', 'IgG) к вирусному гепатиту С (Hepatitis C virus) в крови', 'Определение антител классов М', 'G (IgM', 'IgG) к вирусу иммунодефицита человека ВИЧ-1 (Human immunodeficiency virus HIV 1) в крови', 'Определение антител классов М', 'G (IgM', 'IgG) к вирусу иммунодефицита человека ВИЧ-2 (Human immunodeficiency virus HIV 2) в крови', 'Общий (клинический) анализ крови развернутый', 'Анализ крови биохимический общетерапевтический', 'Анализ мочи общий', 'Расшифровка', 'описание и интерпретация электрокардиографических данных', 'Регистрация электрокардиограммы', 'Электроэнцефалография с нагрузочными пробами']",['-']
59,G40.3,"['Исследование уровня лекарственных препаратов в крови', 'Общий (клинический) анализ крови развернутый', 'Анализ крови биохимический общетерапевтический', 'Анализ мочи общий', 'Расшифровка', 'описание и интерпретация электрокардиографических данных', 'Регистрация электрокардиограммы', 'Электроэнцефалография', 'Электроэнцефалография с нагрузочными пробами']",['-']
60, G40.4,"['Исследование уровня лекарственных препаратов в крови', 'Общий (клинический) анализ крови развернутый', 'Анализ крови биохимический общетерапевтический', 'Анализ мочи общий', 'Расшифровка', 'описание и интерпретация электрокардиографических данных', 'Регистрация электрокардиограммы', 'Электроэнцефалография', 'Электроэнцефалография с нагрузочными пробами']",['-']
61, G40.5,"['Исследование уровня лекарственных препаратов в крови', 'Общий (клинический) анализ крови развернутый', 'Анализ крови биохимический общетерапевтический', 'Анализ мочи общий', 'Расшифровка', 'описание и интерпретация электрокардиографических данных', 'Регистрация электрокардиограммы', 'Электроэнцефалография', 'Электроэнцефалография с нагрузочными пробами']",['-']
62, G40.6,"['Исследование уровня лекарственных препаратов в крови', 'Общий (клинический) анализ крови развернутый', 'Анализ крови биохимический общетерапевтический', 'Анализ мочи общий', 'Расшифровка', 'описание и интерпретация электрокардиографических данных', 'Регистрация электрокардиограммы', 'Электроэнцефалография', 'Электроэнцефалография с нагрузочными пробами']",['-']
63, G40.7,"['Исследование уровня лекарственных препаратов в крови', 'Общий (клинический) анализ крови развернутый', 'Анализ крови биохимический общетерапевтический', 'Анализ мочи общий', 'Расшифровка', 'описание и интерпретация электрокардиографических данных', 'Регистрация электрокардиограммы', 'Электроэнцефалография', 'Электроэнцефалография с нагрузочными пробами']",['-']
64, G40.8,"['Исследование уровня лекарственных препаратов в крови', 'Общий (клинический) анализ крови развернутый', 'Анализ крови биохимический общетерапевтический', 'Анализ мочи общий', 'Расшифровка', 'описание и интерпретация электрокардиографических данных', 'Регистрация электрокардиограммы', 'Электроэнцефалография', 'Электроэнцефалография с нагрузочными пробами']",['-']
65, G40.9 ,"['Исследование уровня лекарственных препаратов в крови', 'Общий (клинический) анализ крови развернутый', 'Анализ крови биохимический общетерапевтический', 'Анализ мочи общий', 'Расшифровка', 'описание и интерпретация электрокардиографических данных', 'Регистрация электрокардиограммы', 'Электроэнцефалография', 'Электроэнцефалография с нагрузочными пробами']",['-']
66,G36,"['Исследование скорости оседания эритроцитов', 'Общий (клинический) анализ крови развернутый', 'Анализ крови биохимический общетерапевтический', 'Анализ мочи общий', 'Периметрия', 'Исследование цветоощущения по полихроматическим таблицам', 'Магнитно-резонансная томография головного мозга', 'Магнитно-резонансная томография спинного мозга (один отдел)', 'Описание и интерпретация магнитно-резонансных томограмм ']","['Исследование уровня натрия в крови', 'Исследование уровня калия в крови', 'Исследование антител к антигенам ядра клетки и ДНК', 'Исследование ревматоидных факторов в крови', 'Исследование антител к фосфолипидам в крови', 'Комплекс исследований для диагностики системной красной волчанки', 'Магнитно-резонансная томография головного мозга с контрастированием (один отдел)', 'Регистрация зрительных вызванных потенциалов коры головного мозга', 'Регистрация чувствительности и лабильности зрительного анализатораконтрастированием', 'Магнитно-резонансная томография спинного мозга с контрастированием (один отдел)', 'Регистрация зрительных вызванных потенциалов коры головного мозга', 'Регистрация чувствительности и лабильности зрительного анализатора']"
67,G35,"['Исследование ревматоидных факторов в крови', 'Общий (клинический) анализ крови развернутый', 'Анализ крови биохимический общетерапевтический', 'Анализ мочи общий', 'Магнитно-резонансная томография головного мозга', 'Описание и интерпретация магнитно-резонансных томограмм', '']","['Исследование антител к антигенам ядра клетки и ДНК', 'Исследование антител к фосфолипидам в крови', 'Комплекс исследований для диагностики системной красной волчанки', 'Офтальмохромоскопия', 'Магнитно-резонансная томография головного мозга с контрастированием', 'Магнитно-резонансная томография спинного мозга (один отдел)', 'Магнитно-резонансная томография спинного мозга с контрастированием (один отдел)', 'Регистрация зрительных вызванных потенциалов коры головного мозга ']"
68,G24.0,['-'],"['Исследование уровня церулоплазмина в крови', 'Общий (клинический) анализ крови развернутый', 'Анализ крови биохимический общетерапевтический', 'Анализ крови по оценке нарушений липидного обмена биохимический', 'Электромиография игольчатами электродами (одна мышца)', 'Магнитно-резонансная томография головного мозга', 'Магнитно-резонансная томография шеи', 'Компьютерная томография головы', 'Рентгенография шейного отдела позвоночника', 'Компьютерная томография шеи', 'Рентгенография позвоночника', 'специальные исследования и проекции', 'Описание и интерпретация рентгенографических изображений', 'Описание и интерпретация компьютерных томограмм', 'Описание и интерпретация магнитно-резонансных томограмм']"
69, G24.1,['-'],"['Исследование уровня церулоплазмина в крови', 'Общий (клинический) анализ крови развернутый', 'Анализ крови биохимический общетерапевтический', 'Анализ крови по оценке нарушений липидного обмена биохимический', 'Электромиография игольчатами электродами (одна мышца)', 'Магнитно-резонансная томография головного мозга', 'Магнитно-резонансная томография шеи', 'Компьютерная томография головы', 'Рентгенография шейного отдела позвоночника', 'Компьютерная томография шеи', 'Рентгенография позвоночника', 'специальные исследования и проекции', 'Описание и интерпретация рентгенографических изображений', 'Описание и интерпретация компьютерных томограмм', 'Описание и интерпретация магнитно-резонансных томограмм']"
70, G24.2,['-'],"['Исследование уровня церулоплазмина в крови', 'Общий (клинический) анализ крови развернутый', 'Анализ крови биохимический общетерапевтический', 'Анализ крови по оценке нарушений липидного обмена биохимический', 'Электромиография игольчатами электродами (одна мышца)', 'Магнитно-резонансная томография головного мозга', 'Магнитно-резонансная томография шеи', 'Компьютерная томография головы', 'Рентгенография шейного отдела позвоночника', 'Компьютерная томография шеи', 'Рентгенография позвоночника', 'специальные исследования и проекции', 'Описание и интерпретация рентгенографических изображений', 'Описание и интерпретация компьютерных томограмм', 'Описание и интерпретация магнитно-резонансных томограмм']"
71, G24.3,['-'],"['Исследование уровня церулоплазмина в крови', 'Общий (клинический) анализ крови развернутый', 'Анализ крови биохимический общетерапевтический', 'Анализ крови по оценке нарушений липидного обмена биохимический', 'Электромиография игольчатами электродами (одна мышца)', 'Магнитно-резонансная томография головного мозга', 'Магнитно-резонансная томография шеи', 'Компьютерная томография головы', 'Рентгенография шейного отдела позвоночника', 'Компьютерная томография шеи', 'Рентгенография позвоночника', 'специальные исследования и проекции', 'Описание и интерпретация рентгенографических изображений', 'Описание и интерпретация компьютерных томограмм', 'Описание и интерпретация магнитно-резонансных томограмм']"
72, G24.4,['-'],"['Исследование уровня церулоплазмина в крови', 'Общий (клинический) анализ крови развернутый', 'Анализ крови биохимический общетерапевтический', 'Анализ крови по оценке нарушений липидного обмена биохимический', 'Электромиография игольчатами электродами (одна мышца)', 'Магнитно-резонансная томография головного мозга', 'Магнитно-резонансная томография шеи', 'Компьютерная томография головы', 'Рентгенография шейного отдела позвоночника', 'Компьютерная томография шеи', 'Рентгенография позвоночника', 'специальные исследования и проекции', 'Описание и интерпретация рентгенографических изображений', 'Описание и интерпретация компьютерных томограмм', 'Описание и интерпретация магнитно-резонансных томограмм']"
73, G24.5,['-'],"['Исследование уровня церулоплазмина в крови', 'Общий (клинический) анализ крови развернутый', 'Анализ крови биохимический общетерапевтический', 'Анализ крови по оценке нарушений липидного обмена биохимический', 'Электромиография игольчатами электродами (одна мышца)', 'Магнитно-резонансная томография головного мозга', 'Магнитно-резонансная томография шеи', 'Компьютерная томография головы', 'Рентгенография шейного отдела позвоночника', 'Компьютерная томография шеи', 'Рентгенография позвоночника', 'специальные исследования и проекции', 'Описание и интерпретация рентгенографических изображений', 'Описание и интерпретация компьютерных томограмм', 'Описание и интерпретация магнитно-резонансных томограмм']"
74, G24.8,['-'],"['Исследование уровня церулоплазмина в крови', 'Общий (клинический) анализ крови развернутый', 'Анализ крови биохимический общетерапевтический', 'Анализ крови по оценке нарушений липидного обмена биохимический', 'Электромиография игольчатами электродами (одна мышца)', 'Магнитно-резонансная томография головного мозга', 'Магнитно-резонансная томография шеи', 'Компьютерная томография головы', 'Рентгенография шейного отдела позвоночника', 'Компьютерная томография шеи', 'Рентгенография позвоночника', 'специальные исследования и проекции', 'Описание и интерпретация рентгенографических изображений', 'Описание и интерпретация компьютерных томограмм', 'Описание и интерпретация магнитно-резонансных томограмм']"
75, G24.9,['-'],"['Исследование уровня церулоплазмина в крови', 'Общий (клинический) анализ крови развернутый', 'Анализ крови биохимический общетерапевтический', 'Анализ крови по оценке нарушений липидного обмена биохимический', 'Электромиография игольчатами электродами (одна мышца)', 'Магнитно-резонансная томография головного мозга', 'Магнитно-резонансная томография шеи', 'Компьютерная томография головы', 'Рентгенография шейного отдела позвоночника', 'Компьютерная томография шеи', 'Рентгенография позвоночника', 'специальные исследования и проекции', 'Описание и интерпретация рентгенографических изображений', 'Описание и интерпретация компьютерных томограмм', 'Описание и интерпретация магнитно-резонансных томограмм']"
76,G43.0,"['Общий (клинический) анализ крови', 'Анализ мочи общий', 'Расшифровка', 'описание и интерпретация электрокардиографических данных', 'Регистрация электрокардиограммы', 'Рентгенография легких', 'Описание и интерпретация рентгенографических изображений', 'Описание и интерпретация компьютерных томограмм', 'Описание и интерпретация магнитно-резонансных томограмм']","['Магнитно-резонансная томография шеи', 'Магнитно-резонансная томография головы', 'Компьютерная томография головы', 'Рентгенография всего черепа', 'в одной или более проекциях', 'Рентгенография шейно-дорсального отдела позвоночника', 'Компьютерная томография шеи', 'Электроэнцефалография', 'Рентгенография дорсального отдела позвоночника']"
77, G43.1,"['Общий (клинический) анализ крови', 'Анализ мочи общий', 'Расшифровка', 'описание и интерпретация электрокардиографических данных', 'Регистрация электрокардиограммы', 'Рентгенография легких', 'Описание и интерпретация рентгенографических изображений', 'Описание и интерпретация компьютерных томограмм', 'Описание и интерпретация магнитно-резонансных томограмм']","['Магнитно-резонансная томография шеи', 'Магнитно-резонансная томография головы', 'Компьютерная томография головы', 'Рентгенография всего черепа', 'в одной или более проекциях', 'Рентгенография шейно-дорсального отдела позвоночника', 'Компьютерная томография шеи', 'Электроэнцефалография', 'Рентгенография дорсального отдела позвоночника']"
78,G20,"['Общий (клинический) анализ крови развернутый', 'Анализ крови биохимический общетерапевтический', 'Анализ мочи общий']",['Стабиллометрия']
79,G63.2,"['Исследование уровня глюкозы в крови', 'Анализ крови биохимический общетерапевтический', 'Общий (клинический) анализ крови развернутый', 'Анализ крови биохимический общетерапевтический', 'Анализ мочи общий']","['Исследование уровня гликированного гемоглобина в крови', 'Электромиография игольчатами электродами (одна мышца)', 'Электронейромиография стимуляционная одного нерва']"
